country,1960,1961,1962,1963,1964,1965,1966,1967,1968,1969,1970,1971,1972,1973,1974,1975,1976,1977,1978,1979,1980,1981,1982,1983,1984,1985,1986,1987,1988,1989,1990,1991,1992,1993,1994,1995,1996,1997,1998,1999,2000,2001,2002,2003,2004,2005,2006,2007,2008,2009,2010,2011,2012,2013,2014,2015,2016,2017
Afghanistan,,,,,,,,,,,,,,,,,,,,,,,,,,,,,,,,,,,,,,,,,,,365,377,364,389,398,440,445,525,553,569,630,634,630,620,618,618
Albania,,,,,,,,,,,,,,,,,,,,,2110,2190,2210,2180,2110,2100,2180,2120,2050,2190,1950,1380,1290,1420,1550,1760,1940,1740,1910,2180,2340,2550,2660,2830,3000,3190,3380,3610,3780,3930,4090,4210,4280,4330,4410,4520,4680,4870
Algeria,2470,2080,1630,2130,2200,2280,2110,2240,2410,2540,2690,2320,2880,2910,3040,3100,3270,3350,3550,3700,3620,3620,3730,3810,3900,3920,3830,3690,3550,3610,3550,3420,3400,3260,3160,3220,3300,3280,3400,3460,3540,3600,3750,3970,4090,4270,4280,4360,4390,4390,4460,4500,4560,4600,4680,4760,4830,4830
Andorra,,,,,,,,,,,42100,41900,43100,44200,44600,43200,43100,43000,42300,41000,40500,38900,37800,36800,35800,35100,34700,35200,35500,35800,35800,35300,34300,32800,32600,32900,34200,37300,38600,40000,40800,41400,42400,45500,47000,48800,49700,48700,43900,42000,39700,38200,38200,39100,40800,41800,43000,43900
Angola,,,,,,,,,,,,,,,,,,,,,2330,2150,2080,2090,2140,2150,2150,2170,2250,2190,2050,2010,1830,1350,1320,1480,1630,1700,1730,1720,1720,1740,1910,1920,2050,2390,2740,3260,3580,3540,3530,3540,3590,3710,3750,3730,3580,3480
Antigua and Barbuda,,,,,,,,,,,,,,,,,,4430,4600,4950,5360,5600,5640,6010,6710,7320,8270,8950,9520,10100,10400,10500,10500,10800,11200,10400,10800,11100,11300,11500,12000,11200,11100,11700,12200,12900,14300,15500,15300,13300,12200,11800,12100,11900,12400,12800,13300,13600
Argentina,5610,5820,5680,5290,5740,6250,6120,6230,6430,6950,7060,7340,7330,7410,7690,7560,7290,7680,7230,7850,8050,7480,7000,7150,7200,6550,6960,7050,6770,6170,5940,6600,7290,7610,7950,7630,7960,8500,8730,8340,8180,7740,6820,7340,7910,8520,9110,9830,10100,9430,10300,10800,10600,10700,10300,10500,10200,10400
Armenia,,,,,,,,,,,,,,,,,,,,,,,,,,,,,,,1800,1600,949,886,956,1040,1120,1170,1270,1320,1400,1550,1760,2020,2240,2570,2930,3370,3630,3140,3220,3370,3610,3710,3830,3940,3930,4220
Australia,19400,19500,19300,20100,21000,21900,21900,23000,23700,24900,26100,26300,26800,27100,27500,27500,28000,28600,28600,29400,29900,30400,30900,29900,30900,32100,32800,33100,34400,35200,35900,35300,35000,36100,37100,38100,39100,40200,41600,43100,44300,44600,45800,46600,47900,48800,49400,51000,51800,51700,51900,52500,53600,54000,54500,55000,55700,55900
Austria,13000,13700,14000,14400,15200,15600,16400,16800,17400,18500,19600,20500,21600,22600,23400,23400,24500,25700,25700,27100,27600,27500,28000,28900,28900,29600,30300,30700,31600,32700,33900,34700,35000,34900,35600,36500,37300,38100,39400,40700,42000,42400,42900,43100,44000,44600,46000,47500,48100,46100,46900,48100,48200,47900,47900,47900,48100,49100
Azerbaijan,,,,,,,,,,,,,,,,,,,,,,,,,,,,,,,3120,3050,2320,1760,1390,1220,1220,1280,1390,1480,1630,1780,1960,2160,2360,2950,3920,4850,5260,5640,5840,5770,5820,6080,6120,6120,5860,5810
Bahamas,17700,18700,19600,20600,21700,22900,23900,25100,26200,27500,25200,24900,23500,24800,20200,16900,17400,18600,20800,25600,26700,23700,24700,25100,28000,28800,28700,29100,29300,30700,29700,27900,26300,25900,26300,27000,27800,28100,29100,30800,31600,31900,32100,31000,30600,31000,31200,31000,29800,28000,28000,27700,28100,27600,27200,27200,26400,26500
Bahrain,,,,,,,,,,,,,,,,,,,,,21200,19300,17300,17900,18300,16900,16600,17700,18200,17700,17900,19400,20200,22200,21600,21900,22200,22300,22600,22800,23000,22400,22000,22100,22100,22100,21800,21800,21600,20800,20700,20500,20900,21800,22400,22400,22300,22100
Bangladesh,371,382,391,379,408,402,399,378,401,394,406,376,318,323,348,327,338,338,352,358,351,367,365,369,376,378,384,388,387,388,399,404,416,426,433,446,456,467,481,493,509,525,535,551,570,599,630,666,699,726,758,797,840,880,922,972,1030,1090
Barbados,,,,,,,,,,,,,,,10900,10600,11000,11300,11800,12700,13200,12900,12200,12300,12700,12800,13400,13700,14100,14600,14000,13400,12500,12600,13000,13200,13700,14300,14700,14700,15000,14600,14700,15000,15100,15700,16500,16800,16700,16000,16000,16000,16000,16000,15900,16000,16300,16500
Belarus,,,,,,,,,,,,,,,,,,,,,,,,,,,,,,,3100,3060,2760,2550,2250,2020,2090,2340,2540,2640,2810,2960,3130,3370,3780,4160,4610,5030,5560,5580,6030,6380,6490,6560,6660,6400,6230,6380
Belgium,13200,13800,14500,15000,15900,16300,16700,17200,17900,19000,20100,20800,21900,23200,24200,23600,24900,25000,25700,26300,27400,27400,27500,27600,28300,28800,29300,29900,31200,32200,33100,33600,34000,33500,34500,35200,35700,37000,37600,38900,40200,40400,40900,41000,42300,43000,43800,45000,45000,43600,44400,44600,44300,44200,44700,45100,45500,46100
Belize,1070,1090,1120,1140,1160,1180,1200,1230,1280,1310,1340,1360,1470,1520,1700,1740,1720,1800,1920,2030,2290,2260,2200,2090,2070,2040,2070,2240,2390,2630,2850,3090,3400,3560,3490,3420,3360,3360,3350,3510,3840,3910,4000,4260,4340,4340,4420,4360,4390,4310,4340,4330,4400,4330,4410,4480,4370,4320
Benin,520,529,504,519,544,563,572,567,577,582,581,560,583,591,597,554,545,558,550,571,594,635,632,587,616,644,639,611,613,578,609,614,611,624,615,631,638,655,661,676,694,709,720,723,732,723,730,752,767,763,758,759,773,806,834,828,837,860
Bhutan,,,,,,,,,,,,,,,,,,,,,404,448,451,490,499,505,546,678,688,721,789,786,831,861,915,983,1030,1070,1100,1160,1200,1260,1360,1430,1470,1530,1600,1850,1900,1990,2180,2310,2390,2400,2500,2630,2800,2960
Bolivia,1300,1310,1350,1410,1450,1500,1570,1640,1410,1430,1390,1430,1520,1570,1580,1660,1700,1740,1740,1710,1650,1620,1520,1430,1390,1340,1280,1290,1300,1320,1360,1400,1400,1430,1470,1500,1540,1580,1630,1610,1620,1610,1620,1640,1680,1720,1770,1820,1900,1930,1980,2050,2120,2230,2320,2390,2460,2520
Bosnia and Herzegovina,,,,,,,,,,,,,,,,,,,,,,,,,,,,,,,,,,,699,867,1670,2260,2610,2850,3000,3130,3290,3420,3630,3950,4160,4410,4660,4550,4610,4700,4710,4880,4990,5190,5380,5560
Botswana,391,406,422,436,453,466,482,495,531,593,672,819,1000,1170,1230,1290,1370,1480,1630,1750,1890,1990,2150,2350,2470,2560,2690,2920,3380,3720,3860,4030,4040,4010,4050,4240,4390,4640,4590,4940,4950,4890,5120,5280,5350,5510,5880,6270,6550,5950,6350,6610,6780,7410,7570,7310,7490,7520
Brazil,3430,3670,3750,3670,3690,3700,3750,3830,4150,4440,4710,5110,5590,6220,6620,6800,7290,7440,7510,7830,8340,7790,7650,7230,7440,7860,8320,8450,8280,8390,7990,7970,7800,8030,8320,8550,8600,8750,8650,8560,8780,8780,8920,8910,9310,9500,9760,10200,10700,10500,11200,11600,11700,11900,11900,11400,10900,10900
Brunei,,,,,,,,,,,,,,,45600,43900,50700,54200,55800,66000,59400,46200,46600,45500,44500,42600,40300,39900,39200,37700,37100,37200,37800,36900,37000,37700,37800,36400,35400,35700,35900,36200,36800,37200,36800,36300,37400,37000,35900,34800,35300,36100,35900,34600,33300,32700,31400,31400
Bulgaria,,,,,,,,,,,,,,,,,,,,,3220,3370,3440,3550,3660,3760,3920,4150,4600,4500,4160,3850,3610,3580,3660,3780,3830,3810,3970,3750,3960,4190,4530,4800,5150,5560,5990,6480,6910,6710,6840,7020,7060,7160,7300,7610,7970,8310
Burkina Faso,239,245,257,250,252,258,255,273,277,278,273,272,274,270,287,290,309,304,312,316,312,318,340,332,318,336,354,344,354,353,341,362,354,356,351,361,390,403,421,439,435,450,457,478,485,512,528,541,563,563,575,595,615,632,640,645,664,689
Burundi,214,181,194,198,206,210,214,238,231,223,265,269,249,263,258,257,272,297,287,284,280,306,295,298,291,316,317,324,331,326,329,338,334,307,290,263,239,233,241,235,228,227,231,221,225,219,223,226,230,230,231,234,236,239,243,227,218,213
Cambodia,,,,,,,,,,,,,,,,,,,,,,,,,,,,,,,,,,510,321,342,351,355,362,398,431,454,475,507,550,613,669,726,764,753,786,828,874,923,973,1020,1080,1140
Cameroon,956,948,956,970,982,979,1000,870,903,924,929,937,937,961,1040,1120,1030,1140,1350,1390,1320,1500,1570,1620,1690,1770,1830,1740,1550,1480,1350,1260,1190,1060,1060,1070,1080,1110,1130,1150,1160,1180,1200,1220,1270,1260,1270,1300,1310,1300,1310,1330,1350,1390,1430,1470,1500,1500
Canada,17700,17900,18800,19400,20300,21300,22200,22500,23300,24200,24600,25300,26200,27600,28100,28100,29100,29800,30700,31500,31800,32500,31100,31500,33100,34300,34700,35700,36800,37000,36500,35200,35100,35600,36900,37600,37800,39000,40100,41900,43600,44000,44900,45200,46200,47200,48000,48600,48500,46500,47400,48500,48700,49400,50200,50300,50400,51300
Cape Verde,,,,,,,,,,,,,,,,,,,,,674,718,725,778,791,844,855,878,918,954,942,933,1010,1070,1240,1380,1500,1620,1790,1950,2180,2190,2260,2310,2510,2640,2810,3200,3380,3300,3310,3410,3400,3390,3370,3360,3450,3540
Central African Republic,602,621,587,573,573,567,560,574,569,597,599,594,583,583,608,597,616,625,617,587,546,522,545,486,517,523,530,493,491,490,469,455,414,404,413,431,404,416,426,431,412,422,428,398,414,410,422,434,436,438,446,458,476,300,303,315,326,335
Chad,696,692,715,690,660,651,627,621,607,636,634,606,599,536,549,586,591,593,579,446,411,406,418,472,470,557,519,491,549,557,517,544,569,464,495,485,479,489,505,484,463,497,519,573,738,835,812,811,809,816,897,868,914,935,967,963,875,823
Chile,3810,3920,3990,4130,4140,4090,4450,4510,4580,4660,4660,5000,4860,4540,4570,3910,4000,4350,4620,4930,5240,5500,4820,4510,4620,4730,4900,5130,5410,5850,5950,6310,6900,7250,7500,8050,8480,8990,9250,9100,9470,9670,9850,10100,10800,11200,11800,12300,12600,12300,12900,13500,14100,14600,14700,14900,15000,15100
China,192,141,132,142,164,187,202,185,173,197,228,238,241,254,254,272,263,279,308,327,348,361,388,424,481,539,578,635,696,714,731,788,889,1000,1120,1230,1340,1440,1540,1650,1770,1910,2070,2260,2470,2740,3070,3490,3810,4140,4560,4970,5340,5720,6110,6500,6890,7330
Colombia,2210,2260,2310,2310,2390,2390,2440,2470,2560,2650,2760,2850,3000,3130,3240,3240,3320,3380,3580,3690,3750,3750,3700,3680,3720,3750,3890,4010,4090,4150,4320,4340,4470,4500,4680,4840,4860,4950,4900,4630,4760,4770,4830,4950,5140,5310,5600,5910,6050,6080,6250,6590,6790,7050,7290,7450,7530,7600
Comoros,,,,,,,,,,,,,,,,,,,,,873,879,908,926,938,933,923,911,908,854,871,800,844,844,777,783,752,761,751,746,806,805,804,802,798,801,803,790,775,771,769,770,774,783,780,769,768,770
"Congo, Dem. Rep.",1040,903,1070,1090,1040,1020,1060,1020,1030,1100,1070,1100,1070,1130,1130,1050,965,945,869,849,845,843,818,810,834,816,832,832,812,777,702,620,533,444,411,401,386,356,342,320,290,276,276,283,293,301,307,315,324,323,334,345,358,375,398,411,408,409
"Congo, Rep.",1430,1510,1550,1450,1460,1470,1450,1440,1510,1580,1630,1700,1800,1880,1970,2060,2020,1790,1840,1970,2250,2570,3080,3170,3290,3160,2860,2790,2760,2760,2710,2700,2700,2600,2390,2420,2450,2370,2390,2260,2360,2390,2430,2380,2400,2500,2570,2450,2500,2600,2740,2750,2780,2810,2920,2930,2770,2580
Costa Rica,2860,2730,2850,2880,2900,3080,3210,3290,3460,3550,3710,3860,4070,4270,4400,4380,4510,4780,4950,5060,4970,4730,4260,4270,4420,4350,4480,4670,4730,4850,4910,4910,5230,5460,5560,5650,5590,5760,6020,6130,6230,6330,6430,6610,6790,6950,7350,7840,8100,7910,8200,8450,8750,8850,9070,9300,9580,9790
Cote d'Ivoire,1210,1280,1240,1370,1550,1440,1550,1560,1690,1780,1890,1980,1970,1990,1980,2040,2200,2260,2390,2340,1990,1980,1900,1750,1630,1640,1630,1570,1530,1520,1450,1400,1350,1300,1270,1310,1370,1380,1410,1400,1340,1310,1260,1220,1220,1220,1210,1210,1210,1220,1220,1140,1230,1310,1380,1470,1550,1630
Croatia,,,,,,,,,,,,,,,,,,,,,,,,,,,,,,,,,,,,8480,9320,9770,10100,9900,10600,10900,11500,12100,12600,13100,13800,14500,14800,13700,13500,13900,13700,13600,13700,14100,14600,15200
Cuba,,,,,,,,,,,2250,2400,2470,2510,2500,2700,2820,3030,3210,3220,3050,3630,3940,4130,4440,4480,4450,4300,4410,4390,4230,3750,3290,2780,2790,2840,3050,3120,3110,3290,3470,3570,3610,3740,3950,4390,4910,5260,5480,5550,5680,5820,5990,6130,6180,6440,,
Cyprus,,,,,,,,,,,,,,,,7620,9240,10700,11500,12600,13200,13300,13900,14600,15600,16200,16600,17600,18900,20100,21200,20800,22100,21700,22600,24000,24000,24200,25200,26100,27300,28000,28600,29000,29900,30600,31400,32200,32700,31200,30800,30100,28800,27100,27000,27700,28400,29400
Czech Republic,,,,,,,,,,,,,,,,,,,,,,,,,,,,,,,14000,12400,12300,12300,12700,13500,14000,14000,13900,14200,14800,15300,15600,16100,16900,18000,19200,20200,20500,19400,19800,20100,19900,19800,20300,21400,21900,22800
Denmark,21100,22300,23300,23300,25300,26200,26700,27400,28300,30000,30500,31200,32300,33400,32900,32300,34100,34700,35300,36600,36400,36100,37500,38500,40100,41700,43700,43800,43700,44000,44600,45100,45800,45700,47900,49100,50300,51700,52600,54000,55900,56100,56200,56300,57600,58800,60900,61200,60500,57200,58000,58600,58500,58800,59400,60000,60700,61600
Djibouti,,,,,,,,,,,,,,,,,,,,,,,,,,,,,,,,,,,,,,,,,,,,,,,,,,,1330,,,,,,,
Dominica,,,,,,,,,,,,,,,,,,2520,2780,2250,2560,2860,2990,3090,3280,3350,3620,3920,4300,4310,4560,4590,4680,4740,4800,4900,5040,5140,5440,5500,5540,5570,5460,5860,6020,5990,6150,6530,6980,6890,6910,6870,6770,6690,6950,6740,6880,6560
Dominican Republic,1330,1250,1420,1460,1510,1280,1410,1410,1380,1480,1700,1830,1970,2170,2240,2290,2390,2440,2440,2490,2630,2680,2660,2720,2700,2580,2620,2830,2830,2890,2680,2660,2900,3050,3070,3190,3330,3560,3740,3900,4020,4050,4170,4050,4090,4410,4750,5030,5120,5100,5450,5550,5630,5830,6200,6560,6920,7150
Ecuador,2240,2220,2250,2270,2380,2420,2340,2380,2360,2390,2490,2570,2620,2900,3140,3390,3550,3510,3610,3650,3690,3800,3720,3620,3620,3670,3710,3610,3730,3680,3720,3790,3780,3770,3840,3850,3830,3920,3970,3710,3680,3760,3850,3890,4140,4290,4400,4420,4620,4570,4660,4940,5140,5310,5430,5350,5190,5270
Egypt,631,641,667,708,745,763,751,737,738,769,792,801,799,787,789,841,942,1040,1070,1110,1190,1210,1290,1350,1400,1450,1450,1440,1480,1510,1560,1540,1570,1590,1620,1660,1710,1770,1810,1890,1950,1980,1990,2020,2060,2110,2220,2330,2460,2520,2600,2590,2590,2590,2610,2670,2730,2790
El Salvador,,,,,,2370,2470,2530,2540,2560,2570,2600,2690,2750,2830,2850,2930,3060,3160,2970,2570,2270,2090,2100,2100,2080,2060,2080,2090,2090,2160,2160,2280,2380,2460,2550,2540,2590,2640,2680,2690,2690,2720,2750,2760,2820,2930,2970,3020,2940,2990,3090,3160,3220,3270,3330,3400,3460
Equatorial Guinea,,,,,,,,,,,,,,,,,,,,,646,646,613,595,559,595,554,558,555,533,508,487,635,682,769,872,1400,3360,4000,4830,5480,8600,9870,10800,14300,15900,16400,18100,20300,19700,17100,17500,18100,16600,16000,14000,12300,11500
Eritrea,,,,,,,,,,,,,,,,,,,,,,,,,,,,,,,,,378,432,526,540,585,622,621,606,572,603,601,566,556,554,536,532,471,481,482,514,,,,,,
Estonia,,,,,,,,,,,,,,,,,,,,,,,,,,,,,,,,,,,,7310,7820,8840,9290,9190,10100,10800,11500,12500,13300,14700,16300,17600,16700,14300,14600,15800,16500,16900,17500,17700,18100,19000
Ethiopia,,,,,,,,,,,,,,,,,,,,,,228,224,235,221,190,202,223,217,209,207,186,164,179,178,183,199,199,187,191,197,207,204,194,214,233,251,272,294,311,341,370,391,421,453,487,511,550
Fiji,1770,1770,1780,1830,1850,1750,1710,1890,1990,2000,2210,2310,2430,2660,2670,2640,2660,2760,2760,3040,2930,3040,2780,2610,2760,2590,2770,2570,2590,2780,2930,2820,2960,2980,3090,3120,3240,3130,3140,3390,3320,3370,3470,3500,3680,3690,3730,3670,3670,3580,3650,3720,3740,3890,4080,4210,4200,4320
Finland,12200,13000,13300,13700,14300,15000,15300,15600,15800,17400,18400,18800,20100,21400,22000,22300,22300,22300,22900,24400,25700,25900,26500,27200,27900,28800,29500,30400,31900,33400,33500,31400,30100,29800,30800,32000,33100,35000,36800,38400,40500,41400,42000,42700,44300,45400,47000,49200,49400,45100,46200,47200,46300,45700,45200,45200,46000,47100
France,13000,13500,14200,14800,15500,16100,16800,17400,18000,19100,20100,21000,21700,22900,23700,23300,24100,24900,25800,26600,26900,27100,27600,27800,28100,28400,28900,29500,30700,31800,32500,32900,33200,32900,33500,34100,34400,35100,36200,37300,38500,38900,39100,39100,39900,40300,40900,41600,41500,40100,40600,41300,41200,41200,41400,41600,42000,42600
Gabon,4380,4970,5290,5540,5710,6080,6240,6360,6380,6750,7190,7770,8490,9190,12600,14700,19500,16700,12400,12100,12100,12400,11800,12100,12700,12000,11600,9370,10300,10900,11100,11500,10800,11000,11100,11300,11500,11800,11900,10600,10100,10100,9820,9790,9600,9580,9040,9300,8720,8450,8750,9060,9210,9410,9510,9600,9550,9440
Gambia,,,,,,,422,414,444,444,459,446,434,459,471,513,535,538,556,533,548,547,524,559,556,528,525,513,511,518,515,513,514,514,501,492,489,498,501,518,530,544,510,528,547,525,514,516,528,545,562,522,534,542,530,536,532,534
Georgia,,,,,,1790,1900,2000,2070,2150,2380,2410,2460,2590,2800,2980,3140,3340,3560,3800,3940,4110,4160,4300,4490,4680,4260,4270,4470,4140,3520,2760,1510,1060,959,1010,1150,1300,1350,1400,1440,1520,1610,1810,1940,2160,2390,2720,2820,2750,2960,3220,3470,3630,3850,3970,4080,4290
Germany,,,,,,,,,,,19600,20200,21000,21900,22100,22000,23200,24000,24700,25800,26100,26200,26100,26600,27400,28100,28700,29100,30100,31000,32300,33700,34100,33600,34300,34800,35000,35600,36300,37000,38000,38600,38500,38200,38700,39000,40500,41800,42400,40100,41800,44100,44300,44400,45000,45400,45900,46700
Ghana,1050,1060,1060,1080,1070,1060,990,1000,983,1020,1090,1120,1060,1060,1100,945,894,899,960,918,901,845,761,702,736,749,765,779,801,819,824,843,852,869,874,886,904,920,940,958,969,983,1000,1030,1060,1090,1130,1150,1220,1250,1310,1460,1560,1630,1660,1680,1710,1810
Greece,6780,7480,7550,8280,8930,9720,10200,10700,11400,12400,13400,14400,15700,16900,15800,16600,17500,17800,18800,19200,19100,18700,18400,18000,18300,18700,18700,18300,19000,19600,19400,19700,19700,19300,19600,19900,20400,21200,21900,22500,23300,24100,25000,26300,27600,27700,29200,30100,29900,28500,26900,24500,22800,22300,22600,22600,22700,23000
Grenada,,,,,,,,,,,,,,,,,,2950,3140,3340,3300,3300,3340,3360,3390,3540,3780,4160,4340,4560,4770,4830,4750,4610,4630,4690,4870,5100,5690,6070,6360,6220,6410,7000,6940,7840,7500,7940,7980,7430,7370,7390,7280,7420,7930,8410,8680,8960
Guatemala,1460,1480,1490,1580,1610,1630,1670,1690,1790,1820,1870,1920,2010,2080,2160,2150,2250,2360,2420,2470,2500,2460,2310,2200,2150,2090,2040,2070,2100,2130,2150,2170,2230,2260,2300,2360,2370,2420,2480,2520,2550,2550,2590,2590,2610,2640,2720,2830,2850,2810,2830,2880,2900,2950,3010,3070,3100,3120
Guinea,,,,,,,,,,,,,,,,,,,,,,,,,,,564,566,583,583,581,565,551,546,539,540,546,560,569,581,585,595,615,611,613,619,614,642,654,632,648,669,693,705,714,724,780,823
Guinea-Bissau,,,,,,,,,,,488,460,479,475,489,520,542,502,566,575,478,555,566,533,567,575,557,560,572,593,614,630,622,620,625,639,700,732,518,514,532,533,518,510,512,522,523,527,531,536,547,576,552,555,546,565,585,605
Guyana,1680,1710,1680,1430,1560,1680,1740,1780,1770,1870,1930,1960,1880,1880,2000,2150,2160,2080,2020,1970,1990,2020,1750,1640,1560,1610,1610,1640,1590,1520,1480,1570,1680,1810,1950,2040,2200,2340,2300,2380,2350,2410,2440,2410,2490,2450,2580,2760,2820,2930,3040,3190,3340,3490,3600,3680,3780,3870
Haiti,,,,,,,,,,,,,,,,,,,,,,,,,,,,,,,,,,,,,757,764,766,773,767,746,733,724,687,689,693,705,700,711,662,689,699,718,729,728,729,729
Honduras,1100,1090,1120,1120,1150,1220,1250,1290,1330,1300,1310,1320,1360,1420,1360,1350,1450,1550,1650,1680,1640,1630,1560,1500,1510,1530,1500,1540,1570,1590,1540,1550,1590,1640,1580,1590,1610,1640,1650,1570,1620,1620,1640,1670,1740,1800,1870,1950,1990,1900,1930,1970,2010,2030,2060,2100,2140,2210
Hungary,,,,,,,,,,,,,,,,,,,,,,,,,,,,,,,,8850,8580,8540,8810,8950,8970,9290,9700,10000,10500,10900,11400,11900,12500,13100,13600,13700,13900,13000,13100,13300,13200,13500,14100,14600,15000,15600
Iceland,,,,,,,,,,,,,,,,,,,,,,,,,,,,,,,,,,,,,31300,32600,34500,35400,36600,37500,37400,38000,40700,42600,43700,46600,46500,43400,41900,42500,42900,44300,44800,46200,49000,49900
India,304,309,312,324,341,325,318,336,340,355,365,363,353,356,352,375,373,391,404,374,390,404,408,428,434,447,458,466,500,519,536,531,549,564,590,622,657,671,699,747,762,785,802,850,903,971,1040,1130,1160,1240,1350,1420,1470,1550,1650,1760,1860,1960
Indonesia,690,711,705,671,676,665,666,657,709,737,772,804,839,883,927,949,989,1050,1090,1150,1230,1300,1300,1320,1380,1390,1440,1480,1540,1620,1710,1790,1880,1970,2080,2220,2360,2430,2080,2070,2140,2190,2260,2330,2420,2520,2620,2750,2880,2970,3110,3260,3420,3560,3690,3830,3970,4130
Iran,2980,3240,3430,3580,3810,4350,4710,5120,5720,6480,7010,7820,8710,9200,9520,9030,10300,9540,7940,6860,4790,4370,5330,5560,4860,4770,4120,3990,3640,3740,4150,4570,4630,4620,4490,4530,4680,4620,4640,4590,4780,4750,5030,5400,5570,5680,5900,6310,6260,6250,6530,6620,6050,5960,6160,6010,6730,6950
Iraq,,,,,,,,,1450,1450,1470,1490,1500,1520,1700,1860,2100,2080,2360,2760,3350,3230,3250,2750,2640,2620,2680,2860,2800,2650,4080,1430,1840,2330,2350,2320,2500,2940,3840,4380,4310,4290,3880,2530,3790,3860,4140,4100,4330,4350,4500,4700,5180,5390,5250,5340,5750,5550
Ireland,,,,,,,,,,,12400,12700,13300,13700,14100,14600,14600,15600,16500,16800,17100,17500,17700,17500,18200,18700,18600,19500,20600,21900,23700,24000,24700,25200,26600,29000,31000,33800,36300,39700,42900,44700,46700,47400,49700,51500,52900,54100,50900,48100,48700,49900,49700,50300,54100,67200,69900,74400
Israel,8750,9410,9880,10500,10900,11500,11200,11100,12600,13900,14500,14800,16100,16400,16900,17100,16700,16500,17100,17700,17600,18100,18200,18400,18400,18800,19300,20300,20500,20300,21100,21400,22300,22600,23700,24600,25200,25500,26000,26200,27600,27000,26500,26200,26900,27600,28500,29600,30000,29700,30600,31500,31500,32200,32700,33000,33700,34100
Italy,10900,11700,12300,12900,13200,13500,14200,15100,16000,16900,17700,17900,18400,19600,20600,20000,21300,21800,22400,23700,24500,24600,24700,25000,25800,26500,27300,28100,29300,30300,30800,31300,31500,31200,31900,32800,33200,33800,34400,34900,36200,36800,36800,36700,37100,37200,37900,38200,37600,35400,35800,36000,34900,33900,33600,34000,34300,34900
Jamaica,,,,,,,3790,3810,3980,4140,4580,4620,5370,4990,4710,4620,4260,4100,4050,3950,3670,3710,3720,3730,3620,3470,3500,3740,3870,4120,4270,4440,4480,4860,4880,4950,4890,4790,4640,4640,4640,4670,4730,4870,4910,4930,5040,5080,5020,4770,4680,4740,4690,4700,4710,4740,4790,4800
Japan,8610,9400,10100,10900,12000,12600,13800,15200,17100,18800,18700,19300,20700,22100,21500,21800,22500,23200,24200,25300,25900,26700,27400,28200,29300,30600,31500,32800,34900,36400,38100,39300,39500,39200,39400,40400,41500,41900,41300,41100,42200,42200,42200,42700,43700,44400,45000,45700,45200,42700,44500,44500,45300,46200,46500,47200,47700,48600
Jordan,,,,,,,,,,,,,,,,1660,2010,2090,2460,2610,3010,3040,3140,3070,3200,3180,3270,3240,3060,2530,2440,2360,2650,2620,2620,2680,2650,2670,2700,2740,2810,2910,3020,3080,3260,3420,3560,3690,3770,3790,3680,3580,3480,3400,3350,3300,3260,3240
Kazakhstan,,,,,,,,,,,,,,,,,,,,,,,,,,,,,,,5890,5210,4940,4510,4000,3740,3810,3940,3930,4080,4490,5110,5610,6110,6650,7230,7920,8520,8700,8570,9070,9600,9920,10400,10600,10600,10600,10900
Kenya,538,481,511,538,547,540,599,599,626,653,601,709,801,818,820,798,785,828,852,883,898,897,876,855,838,842,870,890,912,923,930,913,877,853,850,861,871,851,855,851,833,841,823,824,843,869,900,936,912,917,967,999,1020,1050,1080,1110,1140,1170
Kiribati,,,,,,,,,,,2400,2310,2550,3040,4350,4520,3260,3070,3050,2660,2190,2090,2200,2160,2220,2030,1970,1740,1850,1740,1690,1660,1650,1650,1650,1630,1630,1630,1710,1660,1730,1680,1710,1710,1660,1700,1640,1640,1580,1550,1490,1470,1520,1580,1570,1700,1690,1710
Kuwait,,,,,,,,,,,,,,,,,,,,,,,,,,,,,,,,,,,,41500,41200,40100,38900,35800,35800,35100,35500,41200,44800,47800,49300,49600,48000,41900,38500,39700,39700,37900,36300,35100,35300,33500
Kyrgyz Republic,,,,,,,,,,,,,,,,,,,,,,,,,,,931,944,1050,1060,1100,994,846,715,571,535,565,612,615,628,654,683,676,716,757,748,763,820,880,895,880,921,905,984,1000,1020,1040,1070
Lao,,,,,,,,,,,,,,,,,,,,,,,,,423,432,441,422,402,446,462,468,481,496,523,547,573,600,613,646,672,700,730,763,799,843,900,952,1010,1070,1140,1220,1300,1380,1470,1560,1640,1730
Latvia,,,,,,,,,,,,,,,,,,,,,,,,,,,,,,,,,,,,5140,5320,5860,6300,6520,6930,7480,8100,8870,9720,10900,12300,13600,13300,11500,11300,12300,12900,13400,13800,14300,14700,15600
Lebanon,,,,,,,,,,,,,,,,,,,,,,,,,,,,,5890,3380,4230,5740,5850,6090,6420,6700,6960,6750,6950,6820,6750,6750,6660,6540,6640,6610,6590,7160,7860,8500,8860,8450,8110,7750,7450,7190,7140,7200
Lesotho,257,258,292,317,336,337,329,358,349,348,348,358,350,434,471,398,431,511,589,590,559,549,560,557,575,578,594,588,629,654,682,716,750,762,792,805,838,857,861,856,880,903,902,935,944,968,1000,1040,1100,1110,1170,1240,1290,1300,1320,1340,1350,1410
Liberia,1270,1280,1270,1270,1300,1330,1400,1460,1490,1560,1620,1660,1680,1600,1630,1530,1560,1540,1570,1570,1460,1380,1300,1230,1170,1140,1120,1110,1100,823,410,358,236,160,125,116,123,235,283,322,392,390,395,271,273,280,292,307,316,320,327,344,361,383,377,367,353,352
Libya,,,,,,,,,,,,,,,,,,,,,,,,,,,,,,,,,,,,,,,,8780,8970,8670,8450,9400,9670,10700,11200,11700,11900,11600,12100,4580,10200,8820,6700,6070,5850,7310
Liechtenstein,,,,,,,,,,,,,,,,,,,,,,,,,,,,,,,,,,,,,,,,,,,,,,,,,,,141000,,,,,,,
Lithuania,,,,,,,,,,,,,,,,,,,,,,,,,,,,,,,,,,,,5320,5640,6150,6660,6630,6930,7450,8010,8930,9620,10500,11500,12900,13400,11500,12000,13000,13700,14300,14900,15400,15900,16800
Luxembourg,27100,27900,27900,28600,30500,29900,30000,30000,31200,34100,35500,36100,38000,40700,41800,38700,39500,40000,41600,42400,42600,42300,42700,44000,46700,47900,52400,54100,58300,63400,65900,70700,71000,73000,74800,74800,74800,78100,81800,87500,93500,94700,97300,97700,99800,101000,105000,112000,109000,102000,105000,105000,102000,104000,107000,108000,109000,108000
"Macedonia, FYR",,,,,,,,,,,,,,,,,,,,,,,,,,,,,,,3850,3620,3390,3150,3090,3060,3080,3110,3200,3320,3450,3330,3370,3440,3590,3760,3940,4190,4420,4400,4540,4650,4620,4750,4920,5100,5250,5250
Madagascar,716,713,712,688,698,677,674,693,721,728,747,755,725,687,681,671,632,629,595,635,622,545,520,510,504,496,491,483,486,491,492,448,440,436,423,417,413,415,418,424,430,442,374,399,408,414,422,436,454,423,413,407,408,406,409,410,416,422
Malawi,241,254,250,241,242,268,296,310,297,306,300,339,350,349,363,374,381,388,412,417,407,376,376,379,386,386,364,348,337,325,331,352,323,353,316,365,384,388,391,390,385,356,352,362,372,373,379,403,421,443,459,467,462,472,484,484,481,486
Malaysia,1350,1410,1450,1510,1550,1620,1700,1720,1810,1850,1920,2060,2200,2400,2540,2500,2720,2860,2970,3170,3320,3460,3580,3720,3910,3770,3710,3790,4040,4280,4530,4840,5130,5500,5860,6280,6730,7040,6360,6590,7010,6890,7110,7380,7730,7980,8270,8640,8890,8600,9070,9380,9710,9980,10400,10700,11000,11500
Maldives,,,,,,,,,,,,,,,,,,,,,,,,,,,,,,,,,,,,4600,4860,5170,5460,5680,5780,5420,5670,6280,6490,5480,6740,7070,7540,6810,7100,7490,7460,7780,8120,8110,8420,8980
Mali,,,,,,,,341,349,345,361,364,379,367,355,389,434,454,440,477,447,445,404,403,394,465,470,463,490,503,481,526,497,499,504,496,517,528,554,570,554,620,621,656,646,666,675,675,684,694,708,709,683,679,706,726,746,762
Malta,,,,,,,,,,,3740,3830,4060,4230,4660,5530,6440,7200,7920,8660,9170,9410,9420,9230,9320,9390,9590,9920,10700,11400,12000,12400,12900,13300,14000,14700,15200,15900,16600,17300,18300,18300,18700,19000,19000,19600,19900,20600,21100,20500,21100,21300,21700,22300,23700,25300,26100,27100
Marshall Islands,,,,,,,,,,,,,,,,,,,,,,2230,2240,2470,2450,2190,2600,2710,2800,2640,2630,2570,2700,2830,2960,3180,2830,2630,2540,2480,2620,2760,2830,2840,2840,2930,2970,3070,3020,2960,3150,3180,3280,3370,3330,3320,3370,3450
Mauritania,791,888,869,827,1030,1160,1130,1130,1210,1190,1300,1280,1240,1150,1250,1150,1210,1160,1120,1140,1140,1150,1090,1100,1030,1040,1060,1060,1040,1070,1020,1010,1000,1030,973,1040,1070,993,989,1030,998,988,966,995,1020,1080,1250,1250,1230,1180,1200,1220,1260,1290,1330,1310,1300,1310
Mauritius,,,,,,,,,,,,,,,,,2340,2460,2520,2560,2260,2360,2460,2450,2540,2690,2930,3170,3360,3480,3710,3830,4030,4180,4290,4440,4640,4840,5080,5150,5560,5660,5740,5910,6210,6250,6750,7100,7460,7680,8000,8310,8580,8850,9160,9470,9820,10200
Mexico,3810,3880,3930,4120,4470,4640,4770,4900,5200,5220,5390,5410,5670,5930,6080,6240,6330,6370,6760,7240,7720,8200,7970,7470,7580,7610,7180,7170,7120,7280,7500,7660,7780,7940,8170,7520,7890,8300,8590,8690,9000,8840,8730,8750,8980,9060,9330,9390,9350,8710,9020,9210,9410,9400,9540,9720,9870,9950
"Micronesia, Fed. Sts.",,,,,,,,,,,,,,,,,,,,,,,,,,,2320,2290,2300,2330,2360,2470,2510,2640,2580,2720,2620,2460,2530,2580,2710,2760,2780,2840,2760,2820,2830,2800,2750,2800,2860,2960,2900,2780,2720,2840,2820,2860
Moldova,,,,,,,,,,,,,,,,,,,,,,,,,,,,,,,,,,,,1090,1030,1050,978,946,968,1030,1110,1190,1280,1380,1450,1500,1620,1520,1630,1740,1730,1890,1990,1980,2070,2170
Monaco,,,,,,,,,,,,,,,,,,,,,,,,,,,,,,,,,,,,,,,,,,,,,,,,,,,144000,,,,,,,
Mongolia,,,,,,,,,,,,,,,,,,,,,,1440,1520,1570,1620,1670,1770,1780,1830,1860,1760,1580,1420,1360,1380,1460,1480,1520,1560,1600,1600,1630,1690,1790,1960,2080,2230,2430,2600,2530,2650,3050,3370,3690,3900,3920,3910,4070
Montenegro,,,,,,,,,,,,,,,,,,,,,,,,,,,,,,,,,,,,,,5010,5280,4790,4950,4980,5060,5160,5380,5600,6070,6480,6930,6520,6680,6890,6700,6930,7050,7280,7490,7810
Morocco,,,,,,,816,876,940,995,1020,1050,1060,1070,1110,1170,1260,1310,1300,1330,1350,1290,1380,1360,1420,1470,1570,1530,1680,1700,1720,1810,1740,1700,1850,1720,1910,1850,1960,1960,1970,2090,2130,2230,2310,2360,2510,2570,2690,2770,2830,2940,2990,3080,3110,3210,3200,3290
Mozambique,,,,,,,,,,,,,,,,,,,,,190,195,178,147,135,135,132,151,164,174,173,177,162,169,173,171,210,226,247,259,257,281,297,307,321,339,362,377,392,405,419,436,454,473,493,511,515,519
Myanmar,159,156,159,177,163,176,164,150,164,166,170,172,173,167,172,175,181,187,195,200,211,220,227,232,238,240,233,219,191,195,197,193,209,219,233,246,259,270,282,309,347,382,423,477,536,604,678,754,826,907,988,1030,1100,1180,1270,1340,1410,1480
Namibia,,,,,,,,,,,,,,,,,,,,,4360,4310,4200,4030,3910,3800,3830,3800,3670,3580,3510,3660,3800,3630,3590,3620,3620,3660,3670,3700,3750,3720,3850,3960,4390,4450,4720,4970,5040,4980,5190,5350,5500,5680,5900,6120,6030,5850
Nauru,,,,,,,,,,,,,,,,,,,,,,,,,,,,,,,,,,,,,,,,,,,,,,,,2970,4010,4360,4910,5470,5890,7510,9360,9140,9650,9610
Nepal,267,268,269,270,285,277,291,281,278,285,286,277,280,273,284,282,288,290,296,296,283,300,304,288,309,320,328,326,343,350,357,370,375,379,399,403,415,426,430,440,459,473,466,476,492,502,513,525,552,571,592,606,627,645,676,690,685,728
Netherlands,16400,16200,17100,17400,18600,20000,20200,21100,22200,23300,24400,25100,25700,26900,27600,27400,28400,28900,29500,29900,30100,29600,29100,29600,30400,31100,31700,32100,33000,34300,35500,36100,36400,36600,37500,38400,39600,41100,42700,44600,46100,46800,46500,46400,47200,48100,49700,51400,52100,49900,50300,50900,50200,50000,50500,51400,52300,53600
New Zealand,,,,,,,,,,,20200,20700,21300,22600,23400,22600,22600,21600,21700,22200,22500,23500,23400,23900,24900,25100,25800,24500,24900,24900,24800,23300,23300,24600,25500,26300,26700,27200,27200,28500,29000,29900,30900,31600,32200,32900,33300,34300,33400,33700,33700,34300,35000,35400,36100,37000,37500,37900
Nicaragua,1530,1590,1720,1840,1980,2100,2110,2190,2150,2210,2180,2180,2160,2230,2470,2390,2440,2570,2290,1640,1660,1700,1640,1680,1610,1500,1460,1410,1210,1160,1140,1110,1090,1060,1080,1120,1170,1190,1210,1280,1310,1330,1320,1340,1390,1430,1460,1520,1550,1480,1530,1600,1690,1750,1810,1880,1940,2020
Niger,612,622,667,709,689,716,693,674,658,605,606,623,574,463,490,463,453,475,523,545,517,506,499,462,373,391,404,393,408,400,382,380,344,337,339,335,335,332,353,339,322,333,331,336,324,326,333,331,349,334,348,343,369,374,387,388,392,396
Nigeria,1300,1280,1300,1380,1420,1460,1370,1130,1090,1320,1620,1800,1820,1870,2030,1870,1980,2040,1870,1930,1960,1650,1600,1480,1410,1490,1320,1150,1210,1250,1370,1330,1300,1300,1280,1240,1270,1280,1280,1250,1290,1310,1330,1430,1860,1880,1980,2060,2130,2220,2330,2380,2410,2480,2560,2560,2460,2410
Norway,23200,24400,24900,25700,26800,28000,28800,30300,30800,31900,32300,33900,35400,36700,37900,39600,41700,43300,44800,46600,48500,49100,49100,50900,53800,56600,58700,59400,59000,59300,60300,61800,63700,65100,68000,70500,73600,77100,78700,79700,81700,83000,83700,84000,86800,88500,89900,91600,90900,88300,87800,87500,88700,88500,89300,90100,90300,91200
Oman,,,,,,2350,2410,3890,6880,8380,9240,9010,9550,7870,8420,10000,11500,11000,10000,9880,9910,11000,11600,12800,14200,15500,15100,14100,14400,15500,14900,15100,15700,15900,15900,16300,16500,17400,17900,17800,18700,19300,18800,17900,17700,17600,18100,18300,19100,19400,19300,17900,18300,17800,17200,17000,17000,16100
Pakistan,305,315,322,341,358,385,397,407,425,436,473,463,454,473,476,481,491,495,519,521,556,581,598,618,628,654,667,688,718,731,742,758,795,788,797,815,834,822,822,833,849,847,855,878,924,975,1010,1040,1040,1050,1040,1050,1060,1080,1110,1140,1180,1220
Palau,,,,,,,,,,,,,,,,,,,,,,,,,,,,,,,,,,,,,,,,,9340,9750,9950,9640,10100,10700,10400,10400,9640,9070,8930,9440,9740,9520,9690,10600,10500,9980
Palestine,,,,,,,,,,,,,,,,,,,,,,,,,,,,,,,,,,,1530,1560,1600,1900,2330,2680,2360,2150,2060,2210,2330,2520,2350,2250,2020,2340,2340,2440,2710,2520,2420,2640,2660,2490
Panama,2140,2300,2420,2550,2580,2740,2860,3020,3140,3300,3430,3660,3720,3810,3800,3760,3730,3670,3930,4010,4430,4720,4860,4540,4560,4680,4740,4550,3860,3840,4060,4350,4610,4760,4800,4790,4880,5090,5360,5450,5490,5420,5440,5560,5870,6170,6580,7240,7810,7770,8080,8840,9540,10000,10400,10700,11100,11500
Papua New Guinea,1140,1180,1230,1250,1330,1440,1490,1510,1540,1620,1750,1820,1870,1940,1940,1870,1760,1730,1830,1810,1720,1670,1620,1630,1580,1600,1630,1630,1640,1580,1490,1590,1770,2040,2110,1980,2080,1950,1830,1810,1720,1680,1630,1630,1630,1690,1690,1830,1790,1860,2000,1980,2030,2060,2330,2400,2400,2400
Paraguay,1030,1070,1070,1100,1110,1150,1140,1210,1240,1260,1300,1340,1390,1460,1540,1610,1690,1830,2000,2180,2370,2510,2410,2270,2270,2300,2350,2460,2530,2630,2670,2690,2670,2740,2810,2940,2920,2970,2910,2810,2690,2620,2570,2630,2690,2710,2800,2910,3050,2890,3230,3320,3240,3640,3760,3820,3930,3910
Peru,2680,2800,3000,3040,3140,3230,3390,3430,3340,3360,3380,3440,3470,3590,3830,3890,3840,3750,3560,3610,3730,3840,3740,3270,3310,3300,3530,3790,3360,2880,2680,2680,2620,2700,2980,3140,3180,3330,3270,3270,3310,3290,3420,3520,3650,3830,4070,4360,4700,4700,5020,5270,5520,5770,5830,5940,6090,6170
Philippines,1060,1080,1100,1140,1140,1160,1180,1200,1230,1250,1260,1290,1320,1400,1410,1440,1530,1570,1600,1650,1690,1700,1710,1700,1530,1380,1390,1410,1470,1520,1530,1480,1450,1440,1470,1510,1560,1600,1560,1570,1610,1620,1640,1690,1770,1820,1880,1970,2020,2010,2130,2170,2280,2400,2510,2620,2750,2890
Poland,,,,,,,,,,,,,,,,,,,,,,,,,,,,,,,5950,5510,5630,5830,6120,6540,6930,7370,7710,8070,8530,8640,8820,9140,9610,9950,10600,11300,11800,12100,12600,13200,13400,13600,14100,14600,15100,15800
Portugal,4510,4720,4990,5270,5590,6040,6330,6850,7490,7720,8770,9390,10200,11300,11300,10400,10800,11300,11500,12000,12400,12500,12700,12600,12300,12600,13100,14000,15000,16000,16700,17500,17700,17300,17400,18100,18600,19400,20200,20900,21500,21800,21800,21500,21900,22000,22300,22800,22800,22100,22500,22200,21400,21200,21500,22000,22400,23100
Qatar,,,,,,,,,,,,,,,,,,,,,,,,,,,,,,,,,,,,,,,,,60900,60700,62200,60500,65400,61700,66600,66800,67300,65800,70300,72700,70400,68900,67900,67300,66400,65700
Romania,,,,,,,,,,,,,,,,,,,,,,,,,,,,,,,5360,4710,4330,4400,4580,4920,5130,4890,4800,4790,4910,5260,5630,5990,6520,6840,7430,8060,8870,8420,8230,8440,8580,8920,9230,9640,10200,10900
Russia,,,,,,,,,,,,,,,,,,,,,,,,,,,,,,9870,9530,9030,7720,7060,6180,5920,5710,5800,5510,5880,6490,6850,7210,7770,8360,8930,9690,10500,11100,10200,10700,11200,11600,11800,11700,11300,11300,11400
Rwanda,332,311,340,301,259,271,282,293,304,327,336,330,321,323,318,301,349,345,364,394,415,423,417,427,395,396,399,380,380,370,360,360,401,392,205,280,307,327,329,319,327,342,378,380,402,431,460,482,521,539,563,593,628,641,673,714,739,765
Samoa,,,,,,,,,,,,,,,,,,,,,,,2210,2200,2220,2290,2410,2420,2380,2450,2330,2260,2240,2310,2230,2360,2510,2510,2560,2600,2770,2940,3050,3170,3300,3410,3460,3650,3660,3460,3450,3620,3610,3510,3520,3560,3780,3850
San Marino,,,,,,,,,,,,,,,,,,,,,,,,,,,,,,,,,,,,,,60800,64700,69700,70400,73400,72700,74600,77000,77800,79800,84500,84800,73000,68800,61500,56100,53800,52700,52500,52600,52900
Sao Tome and Principe,,,,,,,,,,,,,,,,,,,,,,,,,,,,,,,,,,,,,,,,,,863,863,899,911,953,1020,1020,1080,1080,1130,1150,1160,1190,1240,1260,1280,1310
Saudi Arabia,,,,,,,,,14300,14500,22100,25500,29900,35400,39100,33900,37900,38600,34700,36700,36500,35000,26000,20500,18400,15700,17500,15600,16900,16200,18000,20000,20200,19400,19000,18600,18700,18600,18800,17700,18300,17600,16600,18000,18800,19300,19300,19100,19800,18900,19300,20600,21100,21000,21200,21500,21400,20800
Senegal,1080,1080,1050,1040,1050,1040,1040,996,1030,933,983,953,983,900,911,953,1010,961,901,941,886,906,949,872,877,879,879,904,872,879,847,842,827,814,790,811,806,811,839,871,877,895,878,912,941,967,965,986,994,990,1000,991,1000,1010,1020,1050,1090,1130
Serbia,,,,,,,,,,,,,,,,,,,,,,,,,,,,,,,,,,,,3150,3230,3480,3570,3150,3410,3580,3840,4020,4390,4650,4900,5210,5510,5360,5410,5530,5500,5670,5590,5660,5850,5990
Seychelles,2830,2620,2760,2970,3060,2960,3280,3220,3380,3300,3510,3990,4140,4440,4420,4460,5080,4670,5620,6450,6120,5550,5460,5370,5580,6150,6100,6100,6410,7080,7540,7650,8160,8490,8200,8010,8280,9160,9740,9730,9790,9560,9380,8930,8710,9450,10100,11100,10600,10500,10800,12000,12000,12500,12900,13200,13600,14000
Sierra Leone,376,378,389,390,410,432,433,426,427,456,486,493,487,488,494,491,478,467,467,477,488,490,502,480,488,450,442,460,415,408,416,423,343,350,345,318,323,302,304,293,304,274,331,345,351,353,356,374,385,388,399,415,467,551,563,437,454,462
Singapore,3390,3540,3690,3960,3720,3910,4220,4640,5180,5800,6510,7160,7980,8700,9110,9400,9960,10600,11300,12300,13300,14000,14400,15400,16500,16300,16600,18100,19600,21000,22200,23000,23900,26000,27900,29000,30000,31400,29600,31200,33400,32200,33200,35200,38100,40000,42200,44200,42700,41100,46600,48500,49300,50900,52200,52800,53400,55200
Slovak Republic,,,,,,,,,,,,,,,,,,,,,,,,,,,,,,,,,7680,7790,8240,8700,9270,9810,10200,10200,10300,10700,11100,11800,12400,13200,14300,15900,16700,15800,16600,17000,17300,17500,18000,18700,19300,19900
Slovenia,,,,,,,,,,,,,,,,,,,,,,,,,,,,,,,,,,,,15100,15600,16400,17000,17900,18600,19100,19800,20300,21200,22000,23200,24700,25400,23300,23400,23500,22900,22600,23200,23700,24500,25700
Solomon Islands,,,,,,,,,,,,,,,,,,,,,,,,,,,,,,,1300,1340,1470,1480,1570,1650,1630,1570,1550,1500,1250,1120,1060,1100,1130,1160,1210,1270,1330,1240,1290,1430,1460,1470,1480,1480,1500,1520
South Africa,4530,4580,4740,4950,5200,5370,5460,5700,5780,5890,6030,6120,6050,6150,6350,6290,6260,6100,6130,6200,6450,6620,6430,6150,6310,6080,5950,5950,6070,6090,5930,5740,5490,5420,5470,5530,5660,5710,5640,5690,5840,5910,6050,6140,6340,6600,6890,7190,7340,7150,7280,7420,7480,7550,7580,7580,7520,7520
South Korea,944,980,989,1050,1120,1170,1280,1360,1510,1690,1820,1970,2070,2330,2510,2660,2960,3280,3570,3820,3700,3900,4160,4640,5070,5410,5950,6630,7350,7780,8460,9250,9720,10300,11100,12100,12800,13500,12700,14000,15100,15700,16700,17100,17900,18600,19400,20400,20800,20800,22100,22700,23100,23700,24300,24900,25500,26200
Spain,7360,8160,8880,9650,10100,10600,11200,11600,12200,13100,13500,14000,15000,16000,16700,16600,17000,17300,17300,17200,17400,17300,17400,17600,17900,18200,18800,19700,20700,21700,22500,23000,23100,22700,23200,23700,24200,25000,26000,27000,28300,29300,29700,30100,30500,31100,31900,32500,32300,30900,30700,30300,29400,29000,29500,30500,31500,32400
Sri Lanka,,586,594,595,604,605,620,644,666,701,712,706,690,724,738,769,780,805,835,873,909,946,971,1000,1040,1080,1110,1110,1120,1130,1190,1230,1270,1340,1400,1470,1510,1600,1670,1730,1820,1780,1840,1930,2020,2130,2280,2420,2540,2620,2810,3030,3290,3370,3510,3650,3770,3840
St. Kitts and Nevis,,,,,,,,,,,,,,,,,,4050,4250,4590,5000,5090,5140,5230,5710,6240,6960,7460,8230,8740,9170,8930,9240,9770,10200,10600,11100,11800,11600,11800,12900,13400,13600,12900,13200,14200,14200,14100,14800,14200,13700,13900,13600,14300,15000,15500,15700,15800
St. Lucia,,,,,,,,,,,,,,,,,,3310,3600,3680,3560,3730,3760,3890,4110,4380,4920,5030,5600,6000,6490,6440,6850,6820,6860,6890,7000,6860,7200,7300,7220,6910,6880,7120,7580,7480,7870,7860,8200,8210,8010,8000,7970,8200,8150,8270,8370,8550
St. Vincent and the Grenadines,1750,1810,1850,1710,1760,1750,1740,1550,1640,1670,1830,1860,2320,2040,1840,1680,1830,2050,2230,2290,2320,2410,2490,2530,2680,2820,2960,2950,3350,3380,3500,3530,3750,3910,3860,4160,4210,4370,4550,4670,4750,4830,5120,5510,5720,5860,6300,6190,6600,6450,6230,6200,6290,6410,6470,6580,6650,6740
Sudan,888,865,900,851,818,850,796,785,777,765,786,780,718,701,757,848,958,984,895,822,807,838,858,847,779,708,725,806,782,830,765,801,832,847,833,860,886,954,967,970,1000,1040,1070,1130,1140,1190,1280,1390,1460,1460,1480,1590,1800,1830,1840,1880,1920,1960
Suriname,,,,,,,,,,,,,,,,7610,7370,8120,8720,8180,7740,7750,7580,7320,6990,6790,6460,5450,5810,6310,6160,6210,6090,5550,5640,5620,5610,5850,5870,5750,5690,5880,6060,6360,6870,7110,7300,7600,7830,7980,8300,8700,8840,9010,8940,8630,8110,8040
Swaziland,,,,,,,,,,,1190,1310,1340,1420,1460,1610,1530,1500,1470,1470,1600,1780,1750,1720,1770,1770,1910,2100,2140,2330,2720,2690,2720,2750,2760,2840,2880,2900,2920,2950,2950,2950,3060,3160,3250,3410,3570,3670,3630,3620,3690,3700,3810,3980,3980,3920,3910,3910
Sweden,18100,19100,19800,20700,22000,22600,22900,23400,24200,25200,26500,26500,27100,28100,28900,29500,29700,29100,29600,30600,31100,31200,31600,32200,33500,34200,35000,36000,36800,37500,37500,36800,36200,35200,36400,37700,38200,39300,40900,42700,44700,45300,46100,47000,48800,50000,52000,53400,52700,49600,52100,53100,52500,52700,53600,55400,56500,56900
Switzerland,,,,,,,,,,,,,,,,,,,,,54900,55500,54400,54500,56000,57800,58500,59100,60600,62700,64300,63000,62200,61600,61900,61800,61800,63100,64800,65600,67800,68300,67900,67400,68800,70500,72800,75100,75800,73200,74600,75000,75000,75500,76400,76500,76700,76700
Tajikistan,,,,,,,,,,,,,,,,,,,,,,,,,,1370,1380,1320,1450,1320,1280,1160,809,665,516,445,365,366,380,388,414,448,487,530,573,598,627,661,698,709,738,775,815,856,893,926,968,1020
Tanzania,,,,,,,,,,,,,,,,,,,,,,,,,,,,,474,477,494,488,475,465,457,459,467,471,476,486,497,513,535,555,582,611,620,652,667,681,702,734,748,777,806,836,867,901
Thailand,571,584,609,639,662,695,750,790,830,859,929,947,960,1030,1050,1070,1140,1230,1320,1360,1400,1460,1510,1560,1620,1670,1730,1860,2070,2280,2500,2680,2870,3080,3300,3530,3690,3550,3240,3350,3460,3540,3730,3970,4190,4340,4530,4740,4800,4740,5080,5090,5440,5560,5590,5740,5910,6130
Timor-Leste,,,,,,,,,,,,,,,,,,,,,,,,,,,,,,,,,,,,,,,,,1350,1430,1290,1230,1940,2560,3550,3680,3990,3700,3600,3950,4060,3530,2550,3010,2970,2670
Togo,349,387,398,413,464,521,549,553,554,587,579,561,587,595,609,610,585,612,664,614,683,639,595,542,551,562,552,537,555,561,545,528,495,411,462,485,513,569,539,535,516,493,476,486,484,477,483,481,478,482,488,498,509,515,531,546,561,577
Tonga,,,,,,,,,,,,,,,,,,,,,,2200,2300,2350,2390,2540,2590,2660,2600,2600,2540,2700,2700,2800,2930,3040,3030,3010,3080,3180,3280,3380,3470,3520,3490,3520,3470,3300,3390,3440,3550,3630,3650,3520,3580,3690,3790,3860
Trinidad and Tobago,5040,5630,5690,5930,6300,6280,6490,6570,6880,7020,7200,7200,7520,7530,7710,7710,8090,8710,9450,9650,9410,9650,9860,8700,8080,7640,7310,6910,6590,6490,6540,6670,6520,6390,6590,6870,7340,7880,8510,9170,9780,10200,10900,12400,13300,14100,15900,16600,17100,16200,16700,16600,16700,16800,16600,16800,15800,15400
Tunisia,,,,,,1110,1130,1110,1200,1220,1250,1360,1560,1520,1610,1680,1770,1790,1860,1940,2030,2080,2010,2050,2110,2170,2080,2170,2120,2110,2230,2260,2390,2390,2420,2430,2570,2670,2760,2900,3000,3090,3110,3230,3400,3490,3640,3850,3970,4040,4140,4010,4130,4200,4270,4270,4270,4300
Turkey,3180,3130,3230,3440,3540,3560,3860,3950,4120,4190,4220,4350,4560,4600,4740,4970,5360,5420,5380,5230,4990,5110,5170,5310,5540,5660,5940,6380,6400,6310,6770,6710,6930,7340,6890,7320,7730,8190,8240,7840,8240,7630,8000,8330,9010,9690,10300,10600,10600,9970,10700,11700,12100,12900,13300,13900,14100,14900
Turkmenistan,,,,,,,,,,,,,,,,,,,,,,,,,,,,2790,3020,2820,3710,3440,2850,2810,2260,2050,2150,1880,1980,2280,2380,2460,2440,2500,2590,2900,3180,3490,3950,4130,4440,5010,5460,5910,6400,6690,6990,7320
Tuvalu,,,,,,,,,,,,,,,,,,,,,,,,,,,,,,,2380,2450,2510,2600,2850,2700,2530,2780,3200,3130,3080,3100,3300,3150,3070,2910,2940,3100,3310,3130,3020,3220,3070,3180,3200,3460,3530,3620
Uganda,,,,,,,,,,,,,,,,,,,,,,,303,311,300,281,273,274,286,294,302,308,308,323,333,360,380,388,394,413,412,419,441,453,467,480,514,538,565,583,595,629,632,632,643,654,662,667
Ukraine,,,,,,,,,,,,,,,,,,,,,,,,,,,,4020,4110,4240,3970,3620,3260,2800,2170,1920,1740,1700,1690,1700,1820,2010,2130,2350,2650,2750,2970,3220,3310,2830,2970,3140,3150,3160,3120,2830,2910,2990
United Arab Emirates,,,,,,,,,,,,,,,,102000,102000,107000,92800,100000,114000,111000,97300,87900,86900,79400,63800,62200,57100,60500,67600,64400,62800,60100,60900,61800,62300,64200,61200,59800,62800,60400,58700,59900,60000,56200,53900,48300,43700,37200,35000,35700,36400,37800,39100,40800,41400,41200
United Kingdom,13800,14100,14100,14600,15200,15600,15800,16100,16600,16900,17900,18500,19200,20400,19900,19600,20200,20700,21600,22300,21900,21700,22100,23100,23500,24500,25200,26500,27900,28600,28700,28300,28300,29000,30000,30700,31400,32600,33500,34400,35600,36300,37100,38100,38800,39700,40400,41100,40500,38500,38900,39200,39500,40000,40900,41500,42000,42500
United States,17000,17100,17900,18400,19200,20200,21300,21600,22400,22900,23300,23800,24800,25900,25500,25200,26300,27300,28500,29100,28700,29200,28400,29400,31300,32300,33100,34000,35100,36000,36300,35800,36600,37100,38100,38700,39700,41000,42300,43800,45100,45000,45400,46300,47600,48800,49600,50000,49400,47600,48400,48800,49500,50000,50900,51900,52300,53100
Uruguay,5470,5540,5380,5330,5400,5400,5500,5250,5300,5570,5670,5640,5560,5570,5730,6070,6280,6340,6630,7000,7350,7420,6650,5930,5820,5870,6350,6810,6870,6900,6880,7070,7580,7720,8220,8040,8430,9090,9440,9210,9000,8640,7970,8040,8440,9070,9420,10000,10700,11100,11900,12500,12900,13500,13900,13900,14000,14400
Uzbekistan,,,,,,,,,,,,,,,,,,,,,,,,,,,,940,1000,1010,997,972,843,805,748,728,727,750,770,794,813,837,860,885,943,997,1060,1150,1230,1310,1380,1450,1550,1650,1740,1850,1960,2030
Vanuatu,,,,,,,,,,,,,,,,,,,,2400,2070,2100,2270,2530,2710,2680,2610,2480,2380,2360,2560,2570,2560,2510,2660,2630,2630,2710,2780,2740,2840,2680,2480,2520,2560,2630,2780,2850,2960,2990,2970,2930,2920,2910,2910,2820,2870,2940
Venezuela,12400,12400,12900,12900,13800,13900,13600,13500,14100,13700,14300,14100,13900,14500,14400,14400,15100,15600,15500,15200,14100,13700,13100,12200,12100,11800,12300,12400,12800,11400,11800,12700,13100,12900,12300,12500,12300,12800,12600,11600,11800,12000,10700,9710,11300,12200,13200,14100,14700,14000,13500,13900,14500,14500,13700,,,
Vietnam,,,,,,,,,,,,,,,,,,,,,,,,,377,382,384,389,400,420,432,448,477,505,540,581,626,667,697,721,762,800,842,892,950,1010,1070,1140,1190,1240,1310,1380,1430,1490,1570,1650,1740,1830
Yemen,,,,,,,,,,,,,,,,,,,,,,,,,,,,,,,973,984,1010,1000,1020,1030,1040,1060,1090,1100,1140,1150,1160,1170,1180,1210,1220,1230,1240,1250,1310,1110,1110,1130,1100,675,432,
Zambia,1510,1480,1400,1400,1520,1720,1580,1650,1620,1560,1580,1530,1610,1540,1580,1500,1530,1420,1380,1290,1280,1320,1240,1170,1130,1110,1090,1080,1120,1080,1040,1020,975,1020,904,906,936,944,913,929,938,961,978,1020,1060,1110,1160,1230,1290,1370,1460,1500,1570,1600,1620,1620,1630,1650
Zimbabwe,898,924,907,932,893,907,891,936,925,1010,1190,1260,1320,1310,1350,1280,1250,1130,1060,1060,1180,1270,1260,1230,1160,1200,1180,1150,1200,1220,1270,1310,1160,1150,1230,1210,1320,1330,1350,1320,1260,1260,1140,936,872,812,772,733,593,652,720,814,914,942,940,934,918,927
